name,1965,1966,1967,1968,1969,1970,1971,1972,1973,1974,1975,1976,1977,1978,1979,1980,1981,1982,1983,1984,1985,1986,1987,1988,1989,1990,1991,1992,1993,1994,1995,1996,1997,1998,1999,2000,2001,2002,2003,2004,2005,2006,2007,2008,2009,2010,2011,2012,2013,2014,2015,2016,2016,2015,2016
USA,1286.4984033865046,1359.7720768690485,1406.8056588040788,1492.3370796385004,1573.0017441192358,1626.7083891337415,1658.9896894202234,1741.5444367994683,1810.6753880459785,1763.7871021847902,1716.4212845865673,1808.277200451811,1853.144045440527,1851.8101167474256,1877.537010092133,1811.6353217401088,1759.4619236427386,1682.698479814778,1671.5117210464477,1760.8791980403894,1755.3668101643611,1761.4282737585927,1822.2214155503234,1906.3932634972552,1960.2374944366245,1965.7919543571422,1963.1639571556939,1994.6732211270596,2036.6589121290501,2074.3527311143484,2119.0216127048247,2189.486398995041,2206.656466766541,2220.597680786556,2257.8403557645443,2309.9381422992574,2256.38214279378,2290.923083996032,2299.0316926100663,2345.84917331085,2348.706244960788,2331.6419653742378,2370.247532727396,2318.845056955737,2205.071333090631,2284.0689096272154,2264.5490961178257,2209.2620711334516,2270.628033198936,2296.53750898839,2275.9076379130743,2272.6796764569663,-0.004146683495491743,-0.003143619280308485,0.17118312418460846
Canada,116.31596320767525,123.48591931031363,129.55862008417432,138.36772050504592,146.18369950672033,156.64764723718153,160.97900000000004,172.151,182.77,189.064,187.001,197.3909764673938,207.07288803910035,210.58814336787796,212.92733995565013,218.0138255821555,211.99067575789576,215.10874201123337,213.26119173542918,227.34212544186494,234.44279322693376,234.7092509347674,242.67483100169457,253.0520699633937,256.2283032720214,251.41696304506283,251.75409183231915,258.3188715676206,264.24630720653374,274.0236374896427,280.8336698249924,291.00413122714724,292.4940713193577,286.5957710069705,294.1353051757608,303.19068019869604,296.94921364252406,305.2601812715886,312.3470138964564,315.63376033305804,322.6138871433075,319.511705615876,325.39159781751846,326.0151313150962,310.48478166539377,315.4661628083018,327.617092110455,326.5290337935617,336.1083460525696,334.2853428568128,327.7177665603478,329.71073473232997,0.0033324991818517447,0.0015708883292973042,0.02483452297747135
Mexico,24.449343460399355,25.71866217636381,26.00136103945735,28.397762969332188,31.26126005541225,33.280680424190315,34.8704175026273,38.37446020827362,41.277933389650684,45.975416255600315,49.62199169821948,52.91569521252257,55.82464204291182,63.44854203734573,70.3998666099621,76.47444895191747,84.29745966973813,88.16363708292617,87.30500651447944,91.92641799395713,95.75875206705838,92.44112545320084,95.50030478494895,96.019096141693,100.83458725747704,106.3116600665181,110.80572636835099,112.65896265339651,113.6067099472124,121.26149617676299,117.64947400077459,122.73456603122165,127.39389921729891,134.35223835832065,135.92152427656356,142.20525150373484,141.7109257425627,145.91141053060187,148.4741831162973,155.83003586529196,167.6583836628566,172.9228771273921,170.82919156020608,174.34466615166744,174.13696483437982,178.2591182587135,186.4675594138635,188.52219641727442,189.14171208533264,190.3880654981457,188.8230962828256,186.52806603374685,-0.014853425323963165,0.011959156021475792,0.014049695804715157
Total North America,1427.2637100545792,1508.976658355726,1562.3656399277104,1659.1025631128784,1750.4467036813685,1816.6367167951134,1854.8391069228508,1952.069897007742,2034.7233214356293,1998.8265184403906,1953.0442762847867,2058.5838721317273,2116.041575522539,2125.846802152649,2160.864216657745,2106.1235962741816,2055.7500590703726,1985.9708589089375,1972.0779192963564,2080.147741476211,2085.5683554583534,2088.578650146561,2160.3965513369667,2255.464429602342,2317.3003849661227,2323.5205774687233,2325.723775356364,2365.6510553480766,2414.5119292827962,2469.637864780754,2517.5047565305917,2603.22509625341,2626.544437303198,2641.545690151847,2687.897185216869,2755.3340740016884,2695.042282178867,2742.0946757982224,2759.85288962282,2817.3129695092,2838.978515766952,2824.076548117506,2866.4683221051205,2819.204854422501,2689.6930795904045,2777.7941906942306,2778.633747642144,2724.3133013442875,2795.878091336838,2821.2109173433487,2792.4485007562475,2788.918477223043,-0.003992918413132429,-0.0016511853318661451,0.21006734669208527
Argentina,26.935815572333247,28.00117026221922,28.72370375142704,29.59954059468509,30.66909765060382,28.873684221678264,30.39103961661885,31.140948669728118,32.296039341865125,33.26456479527763,33.02966620729235,34.36285055614868,35.626654192675005,36.47659291375844,38.997379818395395,39.25660637968503,37.690976249205924,38.081517635037805,40.2235217080019,40.16968987768328,39.15137300943314,44.39635215274373,46.5077386115494,47.683227794710795,46.05457245351765,45.261139537478854,46.493837104669694,48.80432369916183,49.35933865553343,50.848023108999,52.764172334979335,55.498910533591115,57.68128473027086,58.822395665604134,58.44420084585719,61.483741838663,60.703952889816016,58.33830121927321,61.85352266726219,64.78329811161584,69.04617662672469,72.50797447900437,75.57392279873214,76.8183428875822,74.81260642487237,79.69543080217395,81.35452948002091,83.44899532365334,86.50296465154074,86.73300922286879,88.71344110081802,88.85268615124448,-0.0011669241357594728,0.025380322709679604,0.006692575756460428
Brazil,22.047896792499998,24.0325029625,24.902351175000003,28.5187243075,31.118106304999998,36.66991214831458,40.11686154361685,46.187830002625184,55.068698263616156,60.115390409439996,63.48073704307169,69.73930175535108,74.70454437712954,82.60741551023017,89.56439147081915,91.34566407743299,88.86503282002661,93.45245911837549,95.56347108333208,102.92072143636801,109.91290296935178,117.74644529603061,121.25704468188098,125.91209723004089,128.55945705680904,125.97774070901819,130.85883762884757,137.08962935619405,143.10198923422374,150.42898897399166,157.85466898379872,166.70324565173647,175.74543892431169,181.9413879640918,184.93049365377823,187.87963000554444,185.51874478607706,190.5355410706755,194.2101787364621,204.4121552359845,211.26853618101222,216.77923563965672,231.78164378950723,243.88917146480304,242.95105167840768,267.5654851478629,279.7142101680585,284.82409344444494,296.83543635886514,304.90380193726793,302.5746489733142,297.8183024555462,-0.018408870324492455,0.03657270967960358,0.022432316094636917
Chile,6.123682404074329,6.558661057925003,6.670997676916648,6.648323569515784,7.1562511131716935,7.545917050582868,8.057934153957552,8.287897678417886,8.008640028058108,7.906508652758294,7.129940028058108,7.482718079377291,7.7325020047970305,8.206191030456623,8.467969855636511,8.736758881296105,8.960990256595919,8.174599683214916,8.35786521247228,8.772481287052543,9.039088550481958,9.431190976150598,9.884045635154083,11.071654147621837,12.281852251436838,12.960725039598126,14.208026617058518,15.684572020686156,16.586377331048148,17.459606425106298,18.8342534674449,20.032198949577214,22.89044463488619,22.94200819312335,23.748274495594462,24.987568281286755,25.27163419459689,26.173461885431642,25.9871842111773,27.320958561933463,28.46053169765418,30.605273034506233,31.499128338677902,31.222457407094556,30.942235531720524,30.364824465371573,33.656333334144854,34.051366853133295,34.365944004866165,35.38623003298406,35.93777836661583,36.77001429544921,0.02036217786371708,0.023601282387971878,0.002769596641883254
Colombia,7.492866254927888,8.17584289499175,8.716423307096393,9.154346748365471,9.317309446419694,10.122236186243782,9.84694984900079,11.085174442630645,11.037117952110982,12.36890827018534,12.61759132035049,13.144903563088192,13.434728663645508,14.351997669026549,15.252949218355417,15.478647887402609,15.856434426512157,16.575999684687922,17.442179364932592,17.893973635346295,18.594922829260412,19.17527288737643,20.853978264488134,20.84089789676193,21.916027339683982,20.431090583184197,21.236355789960793,22.289601127529973,24.540195305436452,26.33164741951087,26.745275959815377,27.39687826980113,28.254194581724025,28.423307994057676,26.22594310749495,26.015768134126052,25.657932137437154,25.606363774202105,26.53086246788646,27.086329015892247,27.21901169395648,30.700059543805875,30.841521936956372,34.00888549816269,31.95408784185875,34.23877729012353,35.7000213433723,38.37522322430998,38.23716995922219,40.313019510233794,41.03396108369594,41.12714499704225,-0.0004675477393902838,0.0419025681912899,0.003097785171121359
Ecuador,0.739,0.78,0.845,0.994,1.061,1.2669999999999997,1.392,1.5579999999999998,1.544,1.788,1.782,1.966,2.4189999999999996,2.4929999999999994,2.589,3.266,3.6340000000000003,3.999,3.9649999999999994,4.454,5.021955921618317,5.248815540571114,5.399077024030406,5.3440034393809075,5.473966647056157,5.533363058333706,6.164554328641892,5.973397316377784,6.423689120695112,6.998558559985513,6.49870405484907,7.409356632122002,8.264521315110644,8.387167126759282,7.908914091718326,8.379231847199838,8.223912347555771,8.645801363563631,8.899046521701331,9.197764384628574,9.750557015854962,10.337958087612677,10.984251228398108,11.694909569070688,11.465530348031892,12.731241265308501,13.516053369542599,14.270966639231425,14.717656849962856,15.481930828002962,15.456213636965806,15.292317766986018,-0.013307150453329086,0.04714631289243698,0.0011518503306433558
Peru,4.593397563021389,5.581548022692924,5.675078937243882,5.785543843359502,5.831383524676859,6.0897166063724075,6.284295268839913,5.618279027318943,6.3619222166910525,7.33007576191841,7.751073946689595,7.911345672866602,7.9796550964686,7.972571847359872,8.268782997189161,8.857155611872905,9.299101557275245,9.34506043555435,8.130719504407335,8.557071824732366,8.417165009830395,9.030739260734236,9.847660863968462,9.613651405670955,8.809679282758342,8.686657329049194,8.598905703640012,8.447910671634663,9.195476439737924,10.049687695162241,10.907333333333325,11.237619737219221,10.996827734282672,11.357097801109239,11.638156275613067,12.009921568035868,11.90133532958218,12.226842557813262,12.084022154842524,12.993607586677227,13.562209001312656,13.75213747070824,15.068991179993839,16.391416210756596,16.727883160971086,18.5181953045414,20.263427153176146,21.158784900023786,21.703715904463515,22.442430283356668,23.71854848135271,25.29164422213466,0.06340999156236649,0.05748877674341202,0.001905021141283214
Trinidad & Tobago,2.953159506235679,3.148507180454983,3.359115605810363,3.4642761204789143,3.5703460983690487,3.8322102828974094,3.871241209213918,5.396046024347194,5.348103679232473,5.158773815450059,4.147905100239849,4.671821152192604,4.85353880617278,4.865567995655516,4.285752862379506,4.112039643390502,4.341833190025791,5.10157338100194,4.966575689007553,4.89344028601167,5.066266280490559,5.27278254966737,4.9569483187762975,5.448400914151233,5.362816083631254,5.969671448612926,6.309175041499072,6.665835562661387,7.048101671678961,7.4883767991188135,8.121510703578775,9.209920394945122,9.222152949446834,9.354152949446833,10.364155013920834,10.478741820574447,11.664428811900047,12.647761663496414,13.767154832562005,15.151810076432374,16.366449853038105,20.91957189478898,21.849080550406804,21.42960053075202,22.09518280826479,23.08751413273359,23.056018322972378,22.010195654711616,22.43319783858198,21.853466031412296,21.614590282160943,19.353219828725752,-0.10706879198551178,0.028203913941979408,0.001457726233638823
Venezuela,15.98784008395497,16.108909709068932,16.944232919857065,18.292950950614625,18.478558694409084,18.63253486317213,18.900748964417087,20.003957512942307,22.8218838243814,23.54427455136943,24.537120029182766,26.63880156990564,29.74488198809399,30.29962378467638,33.35326636276549,37.53255681290169,38.98477938071122,39.664380785497904,39.49251799639867,40.18453487874926,41.317387422249816,44.38674672949414,44.167035403847855,45.94667191477226,46.38769333837728,49.23340763788829,49.26702509076407,53.60172444572577,52.77074388764189,57.5215773451023,59.01534897378802,57.11397828006035,60.40779733866002,64.35715152045434,62.22733184845511,63.3933501976994,67.37591013609052,67.23606871669817,60.51130483897322,67.45777214248977,70.42887105776259,78.4966581907662,81.21393162043198,84.4144882059832,82.90328188144268,80.65665588776753,80.33483366193572,84.14421067062035,83.26022757710142,78.14552594335098,78.78605429548742,74.64390694573699,-0.055163219571113586,0.011276377364993095,0.005622339900583029
Other S. & Cent. America,21.967629481429352,23.352026013105128,24.585608010584515,25.241162876503093,26.981052345540952,28.870186933018395,37.98170592394343,39.69957795255668,42.722320986836095,42.04216690639748,41.618593946701395,43.23209697296187,44.62165353485134,46.85958327951966,49.10119609767812,55.004576623936785,55.39264179468981,50.393068011420134,48.78210740474618,49.41120272734896,47.10247088648934,49.56378321518211,53.03764113862462,52.7221590839772,56.53122628860635,57.408768178314226,57.686905959246,57.319544497592226,59.45234799015961,63.403479826856234,66.65253602224168,69.05313768756122,74.6213425715316,78.18353397333752,80.48404642496772,81.68139612490619,83.13818601095039,84.68555014417366,89.09917646597819,90.17972318005226,91.0655935508895,93.75017247040796,95.09399901025591,93.35820138995383,92.15234592838283,94.84085977400419,97.75747856933748,98.66130427802713,98.67441561301305,98.87583458083033,102.56465082453309,106.19034527692071,0.032521504908800125,0.01196231134235859,0.007998485118150711
Total S. & Cent. America,108.84128765847682,115.73916810295798,120.42251138393594,127.6988690110225,134.18310517819117,141.9033982922798,156.84277652960833,168.97771131056695,185.20872629279137,193.51866316279666,196.09462762158623,209.14983932189193,221.11715866383375,234.1325440306832,249.88068868321875,263.5900059179186,263.0257896750427,264.7876587347905,266.92395796329856,277.2571159532925,283.62353287920564,304.2521286079502,315.91116994232027,324.58276382708806,331.3772907418769,331.4625635214777,340.8236232643275,355.8765386975638,368.47825963615526,390.5299461538329,407.3938038338292,423.65524613661387,448.0840047802245,463.7682031879842,465.97151575739974,476.3093498180359,479.45603664400613,486.0956923953275,492.9424528968452,518.5834182957063,537.1679366782053,567.8490408112573,593.9064704533603,613.2274731641589,606.0042056039526,641.6989840698874,665.3529054025607,680.9451409881559,696.7307287576169,704.1352483703079,710.3998870449439,705.3395819397864,-0.009835956618189812,0.028346041217446327,0.05312769487500191
Austria,15.91936210590143,16.649764330895824,16.79673621031994,17.983462781824468,18.704256105953718,21.358402775030974,21.4016039904172,22.142259601895894,23.78661191541345,23.848286911112414,23.63987042474567,24.62211725126052,24.55933173089494,25.65644219134313,27.116990111969283,26.94543923454828,26.07385248244759,25.186442534083977,25.098679099973047,24.974479435261333,26.20780502633481,26.449701087929466,27.851131268003073,27.376471479343948,27.537712498683973,28.120888935756817,29.512502783132668,28.940428605832206,29.432673181733474,29.235357353372944,30.705479682792088,30.857157261225996,31.470261402479554,31.955499575325195,32.61250656715418,32.630622574838746,33.970223116766476,34.09340479037304,34.68216391172931,35.30046517346341,36.124440351384145,35.82648730272288,35.04088297916557,35.686730200414125,34.64376596116215,35.91471485515604,33.82327855831563,35.38755232339985,35.1358901455677,33.84699075520774,33.89923836485797,35.128757182829595,0.03343846648931503,-0.0063375430181622505,0.0026459735818207264
Azerbaijan,n/a,n/a,n/a,n/a,n/a,n/a,n/a,n/a,n/a,n/a,n/a,n/a,n/a,n/a,n/a,n/a,n/a,n/a,n/a,n/a,20.516300181183066,22.118218325591588,21.450097529976397,21.463584496949288,21.911179513875737,22.5793994655727,21.89885277283132,18.70058125877776,16.120586310321404,14.769689244075494,13.940609741932182,11.417797403642151,10.922875970382956,10.949983436878945,10.955396295586208,11.401343234097144,11.06974068019964,10.918908339544583,11.801416328895703,12.602334957837762,13.800986664012319,13.562057544066557,12.265041550192272,12.345750843441172,10.877436979188257,10.687894745188089,11.923385367252703,12.270664585180423,12.622503094148195,13.235572122289051,14.511153676590432,14.493307944081229,-0.003958674613386393,0.005030358675867319,0.0010916672181338072
Belarus,n/a,n/a,n/a,n/a,n/a,n/a,n/a,n/a,n/a,n/a,n/a,n/a,n/a,n/a,n/a,n/a,n/a,n/a,n/a,n/a,35.63132875732104,40.596776251180955,41.263344926632506,41.96347216991569,40.65882864802992,39.08143038063465,38.71393190233931,36.849709607782955,29.573962206100685,24.71445825621611,22.40388842990025,22.99065241048018,23.32963979274237,22.868011325306995,22.31641976542235,22.989736350246616,22.450660085993036,23.13361200107578,23.02752666058021,24.869118535424604,24.752544367643747,26.30013486972019,25.66907895732725,25.92306949805729,24.416886915736864,25.916175952075978,25.874773358812767,27.94870871210158,24.743585045386112,25.483232582894722,22.44332866259454,23.72033566187281,0.05401147902011871,-0.009745688177645206,0.0017866668058559299
Belgium,35.23389029055755,33.92683024276418,35.613092414851785,39.69886756903245,43.544703289891395,45.9602356968231,45.06517488841337,47.922770722016104,48.57951512976738,46.90332787847761,43.89293800799718,46.517181482800716,46.57285597678433,48.59495252516851,50.054485443373736,47.9307784452197,45.56837739649543,43.53514115583245,42.01404415617891,43.86623940035296,45.686415214651724,47.070560771059775,48.480519238488526,49.42597053019378,49.83298511343077,52.41245134181106,54.31266006697736,54.50714126804538,53.36337670271978,55.96665550527216,56.47192465040497,60.18716698646869,61.07590113137525,62.44250004525495,61.78754663528981,63.4331103860252,62.279540584694686,62.493332827985625,65.07890507761229,65.1789508032764,64.7698127483368,64.98908667692439,65.61408754129513,66.64744077929124,61.7099293161967,65.77967168846443,61.03898341605958,58.69143032164132,59.95931359736065,55.84382175304108,56.92384457053532,61.72818904146038,0.08143667131662369,-0.012829523533582687,0.004649499896913767
Bulgaria,10.206,10.946,12.737000000000002,14.271,15.882,17.852000000000004,18.545334479793638,19.082638005159072,19.821884780739467,20.413821152192604,22.54351762682717,23.826118658641445,25.091142734307823,26.012005159071364,26.997591573516765,28.459696474634566,28.010952708512463,28.691718830610487,28.84417282889079,28.67200859845227,28.530757523645736,29.11972828890799,29.338458297506442,29.950413585554585,29.69947979363713,24.668129664660356,20.16655331040412,18.613898194325014,20.0463558899398,19.60411762682717,21.468256147893367,21.427508426483225,20.432713639860612,19.563632085803498,17.50291188396615,18.131731877630443,18.649528868172148,18.124504706521243,19.24837588360411,18.86838965470426,19.676435307960347,20.14995009277275,19.5947355568629,19.489569294474343,17.072376227542183,17.83419134271618,19.10619717156172,18.063131275738765,16.687906593655224,17.87411306964744,19.0389231298366,18.10478914422754,-0.0516626201570034,-0.003288209205493331,0.0013636917574331164
Czech Republic,40.1969165950129,40.50209200343938,39.870779019776435,41.58290455717971,43.36417110920034,45.15995098882201,47.45997592433363,47.73453568357695,48.01885124677558,48.50064746345657,50.49893551160791,51.9131943250215,53.598876182287185,54.34535339638865,54.906699914015476,53.18210146173689,52.78937747205502,52.14931126397248,52.18400945829751,53.64696302665521,54.01170163370593,54.52695356835771,55.74594067067927,55.97491659501289,54.21953740326742,48.26020525863238,44.028620591030446,41.493336688238216,40.62794097388785,39.02459700411819,40.5260683169661,41.88787652622527,42.1122902520704,40.60694497443091,37.885681395664555,40.666741969498105,41.50977656242926,41.61264453093176,43.865558288455425,44.490680390149116,44.194326140300575,45.1434940248299,44.89140952416869,43.60871642002684,41.23661076315034,43.23106651028542,42.409814536412654,41.93052373977359,41.774949606532786,40.213378375646734,40.19555851724465,39.89453352399291,-0.010200790129601955,-0.00943915918469429,0.003004942089319229
Denmark,14.108100000000004,16.0593,16.146400000000003,16.857200000000002,19.3628,20.631,19.471500000000002,20.5616,19.856900000000003,18.0863,17.801151776259225,19.595399226139296,20.013483151559036,20.275888251798886,20.224519627098697,19.74679186767434,17.74890865275829,16.978142222926188,16.136579345612525,16.410912915780425,18.518196809521655,18.941031642304388,18.235981870842195,18.029128261754988,16.617628592116578,17.12954913336652,19.76892159588841,18.488617623491667,19.622194192215588,21.072624870453836,20.695707503462536,24.691327982359784,22.34890348482309,21.492941803947627,20.83338741813259,19.97939942053946,20.04701226676465,19.913303197750103,21.445370269929718,20.26137110380168,19.56320314758108,21.622213670789503,20.484056607359015,19.763093992264487,18.50883238414584,19.457698796460473,18.442134475359836,17.07370602348578,17.86786192918692,17.35450123307582,16.853218476785113,17.08522490775995,0.010996445082128048,-0.014800259843468666,0.0012868959456682205
Finland,9.579502772986205,10.888816970948085,11.43604195490175,12.470857962277403,13.78934625167544,15.191815923181649,15.570635971883352,16.452177038064008,18.15254516747323,17.351735110529617,17.63412620068629,18.809585344324333,19.73880399060666,20.529791368740828,22.154714929007714,22.062599894135495,22.078209579569382,21.764191235506814,21.532475501315936,22.458913949868272,23.627689063230154,23.88486268448064,25.131648738680745,24.96589156887097,25.090155539070317,26.572785774105036,27.206526286220946,27.0267590784357,27.379926588046132,28.8910255899169,27.599787232682974,29.015198695702928,29.067913792137368,29.855589971715506,29.634816211865843,29.709560832564243,30.461962933450586,30.916421212720305,33.21531248537666,32.93820920001435,29.97403520070532,32.184208546681134,32.17454851936185,31.112217470821584,28.93876261161029,31.5589434454738,29.07124109099567,28.092216116667636,27.73620822401993,26.704327321453466,26.693385468339827,27.130241018088917,0.013588730245828629,-0.011524648405611515,0.0020435082260519266
France,110.40694283259185,112.79993726891736,120.30916154604148,126.79074649157782,139.92814440389753,151.57938210130533,157.749061790733,168.58314314455694,183.19952542133393,179.80150907580867,168.95195907345217,180.36250666194462,181.9394437667554,189.77111327127528,195.78356867034609,192.54798433163666,189.80043988723344,182.61341998674925,186.8041654991446,192.95910453542996,198.17968128322372,202.677685610517,206.62823472834293,207.95392475555025,212.15694154239912,217.3818863000585,231.71197553438896,233.14118488761332,233.19014577546236,230.28785540278733,235.94120230265605,244.62477291985294,241.34582190047473,247.15605258277557,251.93987083305493,254.86316644600592,258.65830001812054,256.6772400022042,259.500258067721,262.98459278187056,262.46687004613864,261.1998762216639,257.45188671017564,259.14007670280165,245.3502116402434,253.35311618031855,244.6692753015071,244.8453254074524,247.2289879296189,237.56082354227757,239.41015790133497,235.8660001420386,-0.017495499923825264,-0.009152522310614586,0.017765935510396957
Germany,253.38289504908238,253.7898811815915,252.87544322924472,270.0667581444917,291.27691153106036,307.22556691152863,309.5429421306982,320.38574798963424,338.68431321984485,332.7215590896458,319.3236884942384,340.70049969468835,339.9114391578391,351.2537499618181,370.85387715010756,358.50904014146624,347.1101416826871,334.5299426921438,339.1803991336469,351.28194397124275,361.2915985573925,358.2585324307597,361.00905255386897,361.80152938787256,358.21077994548006,352.40108883383505,343.50572835930456,336.22048905582955,334.56456016553267,331.41828943094333,333.1519541667294,344.15138195732936,339.3575326565193,336.6687907076374,331.67792714345325,333.6281653960064,339.9258405766493,335.8766839088261,335.93445937859826,335.93485225621356,332.349201348099,341.2918262614432,327.1855059137844,330.72568054517814,310.21699381949327,323.6037388433823,312.096981958335,316.39415102603147,325.5440078944853,312.091366503497,317.8091081222688,322.46140152833124,0.011866403743624687,-0.00446353992447257,0.024288486689329147
Greece,6.73,7.37,8.110000000000001,8.425,8.898,9.895999999999999,11.797,13.237000000000002,15.238,14.825,16.903,18.673000000000005,19.36,19.666000000000004,17.238,17.215000000000003,16.598,16.74752794496991,16.894131556319863,17.62505331040413,18.72847463456578,18.758345793546635,20.532371543648456,21.722933203602295,23.47454699732996,23.283367267049826,23.47123639860614,23.98941673530343,24.26311315110648,25.107358270353437,25.808217916459242,26.35368049056433,27.25327367968502,29.173443917259355,28.998472310123542,30.667887768486214,31.059009395811195,31.08276024948726,32.69280749330135,32.932560009800426,32.934818034122266,34.250366185455036,34.59963788313933,33.46425936706038,32.67473873695392,31.53571134777198,30.68507581154057,29.334027254544843,27.933339060129143,26.270082566486376,26.42278789936719,25.910558541914256,-0.022065166383981705,-0.021789461374282837,0.001951639074832201
Hungary,15.871153052450557,16.0803766122098,15.334253654342215,15.900272570937227,17.016274290627685,18.319795356835762,18.899987102321578,19.489306104901118,21.08599054170249,21.727293207222694,22.96179105760962,24.514676698194314,25.78190885640584,27.56708856405846,27.28698366294066,27.35546345657781,27.08385812553739,27.21465950128975,26.709606190885623,27.42107652622527,28.257815993121223,28.122907996560606,29.33332416165089,28.6050343938091,27.82684178847806,27.56736009362759,26.05050132798319,24.291261478933794,24.07324391898348,24.518545753319955,24.662393165990352,25.311070790906765,24.627909602610714,24.679780858638427,24.439995231630242,23.607217312556255,24.265232322135233,24.03448901057459,24.333088655574166,24.334488656077,26.023211404263005,25.651442558818935,25.29051817541847,24.967944223197705,22.901024672529694,23.48997952059856,22.625510131544363,21.09320715577591,20.081387821326278,20.048188277591933,21.155677998208095,21.891978057118788,0.03197656571865082,-0.020495116710662842,0.0016489509725943208
Ireland,5.763157894736841,6.457105263157895,6.9965789473684215,8.168684210526315,8.19157894736842,6.432578947368421,6.682263157894738,7.049263157894737,7.408736842105263,7.539947368421053,7.051421052631579,7.18821052631579,7.658421052631577,7.931894736842106,8.782842105263153,8.543473684210527,8.363736842105263,8.34557894736842,8.247315789473685,8.173263157894738,8.575473684210527,9.200894736842105,9.314263157894738,9.280368421052634,9.580894736842106,9.905610419396965,10.262725124609794,10.325128173022097,10.550149297303989,10.963491771894132,11.178103175832069,11.81566013855697,12.378159582162207,13.292828961640561,14.059877515893069,14.544718237366256,15.532344886038373,15.420817909223155,15.001341895826092,15.207513230945338,15.882951394401669,16.16639161045651,16.68142375894288,16.605623652282706,15.20161035815981,15.1735596610769,14.13573953737611,13.980641976267902,13.707340648123624,13.668514520532144,14.538248724463951,15.177331775297516,0.041106391698122025,-0.00880731362849474,0.0011431892635300756
Italy,78.31862356881017,85.08657460288721,92.20341010091863,99.73081993030725,107.42405484907448,118.54747228130512,124.79422351450418,130.61058446847986,136.6106859754717,136.5554005973661,133.44442594017283,141.12294202832956,141.26544843191377,143.78889641127745,148.92159822600343,145.2336629859256,142.08162732497613,139.13028067158427,137.06859302167706,138.40843775173087,137.90252740190968,141.73904588858207,146.16516871068455,149.7087620944019,153.55875797665288,154.69182045962964,158.08551660036835,158.2458534907865,155.5802253281932,155.38091215838563,161.95765096177715,162.07533539188054,164.23076556093585,168.58478933791915,173.90206586866992,176.07112788161285,177.14360835407518,175.8415399149206,181.8804350273792,185.25599551522822,185.59947726840744,184.91434993438023,181.0121778025297,179.21473657860213,167.06867419043152,172.21653390072763,168.4529562660335,162.17453896826183,155.7013440947349,146.8724827742467,149.87779877771132,151.3221461151351,0.006878262385725975,-0.021150201559066772,0.011397910304367542
Kazakhstan,n/a,n/a,n/a,n/a,n/a,n/a,n/a,n/a,n/a,n/a,n/a,n/a,n/a,n/a,n/a,n/a,n/a,n/a,n/a,n/a,67.54666223178918,69.13958849399286,70.70620062371657,73.2784985847338,72.10073123460879,72.87769044773641,72.78004032304771,71.87411416642651,63.45512041048017,57.266544364209814,50.642092820969154,44.16042088826986,38.899050905213485,36.89152263090932,34.42009029859794,30.974878806148002,35.635610416616004,36.939348654612424,40.55214399208326,42.77753035516321,44.28369542273837,47.39311446073789,52.718116439369936,54.963809152835054,49.245285168163,53.06457809064868,58.629894549928615,59.43830132890158,60.16149278596306,66.41062189333304,62.68332118359084,63.02954727615247,0.0027760847005993128,0.035358645021915436,0.004747521132230759
Lithuania,n/a,n/a,n/a,n/a,n/a,n/a,n/a,n/a,n/a,n/a,n/a,n/a,n/a,n/a,n/a,n/a,n/a,n/a,n/a,n/a,15.231400066107017,14.044647429215072,14.730040383470357,15.413496587598623,16.653964085158083,16.937110413135954,17.92022663980064,10.910400540938433,8.520848862793057,7.403025649596452,8.20641062446643,8.918850764398853,8.235451142689051,8.831256700004523,7.359277874824635,6.510375127845409,7.615605082137848,8.117325451418743,8.527945947413675,8.62759328868171,7.8819144499253175,7.567961469882782,8.28643796442955,8.243015146852505,7.5901448567678775,5.600436579626192,5.817417866678734,5.84101551341811,5.388727858985381,5.187897968049961,5.424212118219668,5.4898620482634,0.009337818250060081,-0.036680180579423904,0.00041350824176333845
Netherlands,35.43695060666858,37.91710404127257,40.108486959014044,44.781138052928256,50.00071242954047,56.34755565109393,59.36947492118087,68.89204595395053,73.23585048246872,69.46665634852394,69.93831585987039,76.25804224303953,74.95964135402997,76.29546139340144,79.0373062276749,74.15897337291322,70.46844950678029,65.0118202151885,65.24757771403924,67.7803177120049,69.86206758814377,73.28922245354464,74.78633213496504,75.05280751428582,75.36923674999963,77.58199853990456,80.0615259064559,80.82675736046671,81.68020429153401,81.2126818456094,83.90430923581009,87.16016997462422,86.07613617931656,86.41434117207933,85.53054561271819,87.24841598863158,90.73072080469503,90.34426516932513,91.31418347376591,94.30693697437819,96.38443422248672,95.29782225160785,94.95912896711732,92.93747515626765,91.79900854828962,96.0996467695464,91.50892492193509,88.0567864415984,85.8879055504015,80.88587305911815,82.09307088910646,84.49477721466874,0.02644372172653675,-0.015921009704470634,0.006364328786730766
Norway,17.038321,17.481810000000003,18.759850999999998,21.009051,21.114752,22.143724,23.363786,24.766724999999997,26.213204000000005,26.226163999999997,26.610004000000004,28.477243,26.323624,29.572766000000005,31.635486000000007,30.077106000000004,31.681848000000002,31.273467999999998,34.32990799999999,34.770508,34.48005937529982,33.79207215155904,35.335138776259214,36.399100426619,38.66105597673892,39.5836773877721,36.52350268753224,38.491931638611575,39.69961763957098,38.702735866189975,40.78625029232928,37.593048543168756,39.71463628945106,41.08646124067069,42.05149987365112,46.25746449588634,41.927848958464935,43.60055314364847,39.127464322867354,39.82711919885306,45.98288545539231,42.27209323733328,45.72009381271597,46.73242255613926,43.62180607329423,41.915372462506355,43.00509872798426,47.78750754752573,45.01014008076302,46.406731621709696,47.17791544134307,48.58378892878002,0.026985738426446915,0.00256895599886775,0.003659435547888279
Poland,66.58184278408834,67.87686251527357,69.84020007240801,75.14136869258269,80.28353545730188,84.69781726026157,87.44977689279088,92.23942503507263,93.93981449970582,97.03317672082183,104.69143431235008,110.30893542109786,114.99055265420645,120.73015382178575,122.56928456351538,128.37711521926053,115.72649359641579,117.93005883151558,118.57086016201295,123.33254577544461,126.13476521699776,129.72610146173687,133.93813571978095,131.37852880481512,126.3591117346246,104.0049199183147,101.78461765307506,97.33342221432773,97.28723482101644,93.07059368172146,95.17196885278543,99.8349435965062,98.79058487074687,94.67359214236768,92.7858091872173,87.16932468596093,86.50076022451681,85.49282005122701,88.48372607711937,88.61917674004897,90.61356270720493,94.08223541154406,93.72588928157667,95.44986337009047,92.03875078064898,98.20242233988529,98.69926481221682,95.7176816008206,96.0221121368914,92.43955501752377,93.44822382123266,96.72060496188894,0.03219020366668701,0.0030851117335259914,0.007285204250365496
Portugal,4.1072823007648065,4.473082228356785,4.788658415169475,4.879505724759012,5.2613789202154075,6.338664609177711,6.985991453545725,7.5843011566728435,8.393647826220745,8.789652680182822,8.761809048513369,8.71499297583382,9.763956611621477,10.280840487170195,10.916608212834307,10.67110562479069,10.561476069602202,11.36967578617006,11.77115303054713,12.21450755790378,12.401774949042846,13.179482546861557,13.469307510657547,14.8636974226818,16.28599422428612,16.750464473267762,17.460073123627538,17.92501343730786,18.279217850195842,19.109745248087968,20.48759553799157,20.94954047187399,21.359399304385196,23.386906752771864,24.024207728110106,24.676245555873376,25.109103321591828,25.070386927166815,25.674657248977745,25.284773074616844,25.411802802722587,25.11187262409967,25.177195715059895,24.180773336356676,24.385213360541147,25.628396273901192,24.45574679812917,22.35918026773686,24.460994687626304,24.634982808859043,24.566606472008747,25.99123258487282,0.055099666118621826,-0.003376853885129094,0.0019577154889702797
Romania,25.46362628,27.180230375,30.286939135,32.192193970000005,37.042608646,39.344705347,41.74400000000001,43.821000000000005,47.593,48.021000000000015,52.15400000000001,56.480000000000004,59.902,64.385,65.426,66.176,66.564,66.084,65.72,65.22599999999998,64.565,66.213,68.398,69.262,69.43500000000002,62.74691138046144,52.82777810260821,47.26393137881966,45.51872194717234,43.173194936467,47.30031177987963,47.024081895481025,44.50053397645735,40.48643123450645,35.38311175121812,35.73107484475017,36.04170319098118,37.97231676346212,37.68931865512161,39.095486034806115,39.050742904768356,39.60796936235686,38.58254886749331,39.01214192198034,33.45625039281576,33.77321859913565,34.6767435862334,33.950548873150176,31.48090211906591,32.497379938453136,32.58446625333752,33.07260712641633,0.012207613326609135,-0.017939753830432892,0.0024910999927669764
Russian Federation,n/a,n/a,n/a,n/a,n/a,n/a,n/a,n/a,n/a,n/a,n/a,n/a,n/a,n/a,n/a,n/a,n/a,n/a,n/a,n/a,819.4462825522497,833.8882509934472,861.5116395204196,877.1047919104656,880.4734004707798,865.4224860873458,853.989481387906,822.44488313381,767.8086038721041,700.0218533288404,662.4016684673171,637.9640162297953,602.4760770287985,602.2128167728537,608.7159582925402,620.2963613717934,630.7025331304364,628.5203211574858,641.6111614637745,648.024988974513,647.2148253501483,676.105275645159,680.5024552985382,683.5025467815843,647.9975566041784,673.2854064314513,694.9070860475456,695.2266789996389,686.8022224399864,689.1747756883838,681.6861337970345,673.9419815686406,-0.014061491936445236,0.00520259328186512,0.050762761384248734
Slovakia,9.12874076308249,9.456680138742271,9.519224400542907,10.462273243408553,10.939011904791231,12.077295019886918,12.958988867267047,13.6323173733991,14.184313617233107,14.90838435081685,15.613065438747334,16.19363180522242,17.01402769606733,17.85878390731773,18.349867131284785,18.616265149115257,18.4621981264425,18.239233470606862,18.284866950264735,19.681404579807204,20.26731063040231,20.049054577544457,20.5374196497262,20.640628637371577,20.91804281124134,21.026505901253543,18.79710391003302,17.991349251029536,17.677482717110898,17.34851764040365,17.540627057971648,17.73842061818344,17.486604258496605,17.68853369688191,17.70546021179343,18.240558985382602,18.809343625831527,18.968074353984676,18.40534781192016,17.973867923247475,19.002995994931407,18.39861924243107,17.281465076707217,17.9367370910078,16.34264831877628,17.426835013802755,16.812854794768494,16.15929234285195,16.848882192152754,15.539929239263223,15.667094406480492,15.93236013474798,0.014152891933918,-0.019118286669254303,0.001200059661641717
Spain,28.442,32.05247449880075,34.67779567362086,36.47194899760149,41.21208779472326,44.5663214916052,49.037104222292626,52.63401674435444,57.99619106666063,60.562271756347016,62.19990573381001,66.57270394171154,68.47384857672988,68.26756419423451,73.46432307553063,74.35548382133321,75.00926465131015,75.08666556546133,76.77334597456668,77.44838276689144,76.55617780694215,78.46111037697423,81.1549932117482,84.48094963117164,89.10915993258378,88.57977733898339,91.49676043273162,96.49732615261183,92.94107542242213,96.53527634981455,102.25815158275682,106.09643366673338,112.5285439807381,118.32667580497973,122.70614583724299,129.39950449604302,134.3041773486767,136.39838701663027,144.51227773402124,150.74243444284133,152.31075801605093,154.07804483678683,158.01262187159966,153.71726690417853,142.81463213461555,146.19538775423845,143.1118741020682,142.3759777324648,134.17923514067087,132.17773956050817,134.37601318973412,134.95371970216274,0.0015551920514553785,-0.012449945323169231,0.01016500499099493
Sweden,31.693325,33.924293,34.303503,36.646739,38.090298000000004,40.60426575779519,41.01054000959407,42.33688116355162,44.967278748925196,41.64343819640676,43.998266268588495,47.01750137122687,46.22956202158664,46.63716363565089,48.359779726706,46.05505416092987,46.21493056618088,44.28230174491427,44.73102293806979,47.696973214201144,51.87546546727568,53.08612919479727,53.37016014003362,52.709893303743385,52.399427208371755,53.23021626775294,51.85658588043613,52.316729436239385,51.72388897328569,52.09689455833891,52.51271606715628,51.328201628498945,52.619724208812606,54.78224628634309,53.807677496716344,50.907728171244834,54.8060812870524,51.72318536000349,49.830956826718456,54.46035038240472,55.43928792596267,51.989958238674795,53.11110512286723,52.762016807711326,48.145591673077675,51.81234311939011,51.255682728190244,54.50145601212819,51.25555478119188,51.442734936869115,52.940644228986876,52.20514605675087,-0.016587164252996445,-0.004601096734404564,0.003932204097509384
Switzerland,14.765051017483522,15.832279308905685,16.906820719755824,17.79932243190378,18.438869097363643,20.37366909032398,20.99650712766439,20.381857587505593,22.57621589657721,21.32143218536453,22.168005707159846,21.330493913200886,23.582958305048948,23.229659501289767,22.6967050228035,24.66300797493878,24.531102819387243,24.003211124687617,25.00148830660774,24.20146896763261,26.104545674877937,27.440496905060012,27.22036792827583,27.409419785491234,25.6758760968055,26.75414131403184,27.45903954830926,27.877884638117607,27.772495764542285,29.15545261411691,27.660080007204233,26.727076598450438,28.591022968975636,28.76970289581793,29.73787027947941,29.03360788466451,31.100075004540518,29.066245340195326,28.84163063530456,28.51917760891233,27.44807709644819,28.683346570315617,28.40955260865759,29.432573672125297,29.445566028734234,28.736526875056988,27.21956897243732,28.833120936053515,29.696759228788537,28.4692108622808,27.865188343168033,26.394644451552043,-0.055361565202474594,0.0015093444380909204,0.0019881015177816153
Turkey,7.749680861655428,8.887659275014707,9.190087523193192,10.722881296103541,11.712771914739552,12.450808661809294,13.816279721229124,15.421628682626597,17.537660677920076,17.835172783635784,19.77961795718875,22.239438656831236,24.31802565959179,25.5432321129565,24.0669313481468,25.02858804362582,25.21559904059373,27.525570891976276,28.51657012264107,30.01403751640493,32.4888181201068,35.417338869529786,40.20264513734895,44.10144969000314,43.62814888446394,47.25854921030003,48.36155019233379,50.79698209259173,55.048362791329104,53.36514211431414,59.75047987962163,65.22755617504635,68.45455085758243,70.23535703036607,68.69671618771777,73.58490156129788,67.24055600760282,73.47383741684389,78.16655126940304,83.5724694935964,86.06946117119968,95.7667990179662,102.7940013531787,103.28417278363577,104.28840684255778,110.96620613657957,114.94807264752254,120.14797560463953,118.54908946044715,122.55496162374972,131.9114854063124,137.87520367831303,0.04235423356294632,0.04362230375409126,0.010385056957602501
Turkmenistan,n/a,n/a,n/a,n/a,n/a,n/a,n/a,n/a,n/a,n/a,n/a,n/a,n/a,n/a,n/a,n/a,n/a,n/a,n/a,n/a,12.86204238785613,16.101087382530054,16.173116956160285,16.330779274680538,16.577743170788207,13.692827780842912,14.024363696322622,13.292167162684429,10.998393437744392,11.743619865832335,9.642287199895613,11.81886328348032,11.784354716258708,12.79156384058585,14.043743252784974,14.997653079100832,15.044674811026475,15.912640517705634,17.746041768655083,18.463464606646987,19.475416417179886,21.38361551717989,24.23195036517989,24.49101230020233,22.71030564528503,25.908362117822428,26.95728935133592,29.69465982724102,26.761115887079235,29.477162926027663,33.09299065641345,33.24402882806984,0.0018193427240476012,0.054447416216135025,0.0025040118489414454
Ukraine,n/a,n/a,n/a,n/a,n/a,n/a,n/a,n/a,n/a,n/a,n/a,n/a,n/a,n/a,n/a,n/a,n/a,n/a,n/a,n/a,234.21311324132148,235.8376037451188,240.97855320294445,241.65041844096444,231.95950964520844,270.1835782300441,246.3557913661728,216.13024471716034,182.14372171242547,155.93025483680492,146.25935347236552,139.77534434944175,137.2034465526721,132.0866228946394,134.81080734765845,135.18863757360415,135.18499162452517,133.15115717120247,136.78011651374436,137.67122300018258,136.24043767825015,137.6615993836246,134.35038150566788,132.93469100932086,112.9351210546406,120.96948508554938,125.72476037309443,122.62803690485812,114.71512507670737,101.24984473858277,83.86868042367203,86.98739084429155,0.03435179963707924,-0.047358762472867966,0.006552077364176512
United Kingdom,197.5855805765489,198.32838367199165,198.10735366791872,205.04019577318192,212.39275159523922,217.00038367199173,213.00922577725487,216.02022577725484,226.7364436801376,215.25316576910893,202.98944368013758,207.00038367199164,210.77969158709328,211.66816576910892,221.23666158302032,201.5636915870933,195.85890948997604,193.17238367199164,193.7183836719917,193.55461223265834,201.70892014775987,207.2131080465697,206.90841367606464,209.4075822285854,209.45691596144272,211.29670063809567,215.8180747612798,214.42642480879758,216.74284079286784,214.02028678101095,214.8027845408879,225.25750948092502,221.06966131149022,223.30483390051887,222.01873895948538,224.1802899527567,226.8195137998628,221.85521170691425,225.08768428966778,226.5766706235942,228.9191382155366,226.3371355277546,219.70645929763816,216.38490203821658,205.23006422219328,210.536907737718,198.7620473069417,202.08707970193083,200.9099229497145,188.59268333770285,190.91845482728013,188.09435537866807,-0.01748400181531906,-0.017988484352827072,0.014167672023177147
USSR,590.1106508988448,627.4790415617354,659.4448767559,683.7703393882465,714.718519267722,750.1535717448876,787.0268707953194,827.0641007666657,869.4309909177654,917.22306040419,962.2577056999247,999.6413471738483,1043.5396305694878,1085.7510795244805,1118.7362937323069,1141.499035252964,1165.9586079277094,1195.6946251013167,1220.9538558457416,1266.6536648909164,n/a,n/a,n/a,n/a,n/a,n/a,n/a,n/a,n/a,n/a,n/a,n/a,n/a,n/a,n/a,n/a,n/a,n/a,n/a,n/a,n/a,n/a,n/a,n/a,n/a,n/a,n/a,n/a,n/a,n/a,n/a,n/a,n/a,n/a,n/a
Uzbekistan,n/a,n/a,n/a,n/a,n/a,n/a,n/a,n/a,n/a,n/a,n/a,n/a,n/a,n/a,n/a,n/a,n/a,n/a,n/a,n/a,44.31356588019904,44.09407307169235,45.57167451983766,46.763868909650014,48.04639055576222,47.036612140651656,47.57456285282159,44.69991213775776,47.7775870109007,47.02194330806678,45.8990681694547,46.66321119337821,48.80325503147434,50.07205884350261,52.2136224537375,50.27264071299989,53.40686718758329,54.83409152544379,50.73589323233672,48.89859767765988,46.44812464017171,45.73216152167618,48.37914427115695,51.95460735244841,43.29166247123615,43.77167190048493,49.69570559799715,49.19798877854574,48.74456734206736,50.48251299284941,51.72890346873814,52.66832179149171,0.015378555282950401,0.01082624401897192,0.00396709144115448
Other Europe & Eurasia,20.093086380000592,20.829738469038197,20.99989037107549,22.98677779235163,24.58604088786367,26.940715809058513,30.611451084490504,31.93700036436079,33.718772574243374,36.56951320011452,35.90615099981045,38.08244830052105,40.16008654751633,43.611565235414005,46.95592865154115,45.516840015429246,44.980719606833574,46.657512364655965,49.974472008556106,52.19688675518514,118.21489966961906,118.75834896521523,120.37346705820353,125.66110237084959,122.91052683535884,120.4066925105001,106.87215699626084,92.64330328080433,81.25190634431065,73.37650031419783,71.74844172630173,76.39784740711536,77.81287368661731,79.00359342827318,75.14694460295061,76.79019548007811,79.86504677518695,81.13976893447015,84.98813733827822,88.35105245257513,88.91225933592254,92.7642809862009,93.82610077747653,95.55380660001718,93.65990462927788,98.99638389785478,97.33853510384586,95.0024222707557,96.99498127951658,93.62624776222623,94.80501438713513,97.55071970360034,0.026150234043598175,0.006437861360609531,0.007347730454057455
Total Europe & Eurasia,1643.9126826312674,1712.2763175609427,1775.3625847713638,1873.850309581222,1993.1755786942497,2111.1936990970926,2184.359699823622,2289.982551521595,2416.9669442284858,2443.1279162497467,2471.7145498723294,2596.162594372186,2665.528760614966,2759.2246114205936,2853.773046689006,2834.49029820016,2814.5410815556097,2813.2168837555223,2854.3076763064564,2940.6697065483486,3033.938636770008,3091.1959617420102,3165.8451435465117,3210.131414467596,3206.396505667516,3199.426833308533,3150.6594881148403,3044.5765836949213,2924.7157783433518,2801.5092415415606,2783.485840710644,2807.4421241470504,2766.359869718435,2780.335306852606,2779.7051023243525,2813.7843884615354,2857.8679932526293,2852.7195992638785,2909.782258025756,2952.9524351215287,2965.202133230397,3023.4857908060576,3017.729640076154,3022.1687435488843,2839.815773381639,2952.6425839748945,2937.8819152699607,2936.285535570583,2900.594356682295,2838.318241373379,2846.610849603933,2867.14508686348,0.004461624193936586,-0.00407329061999917,0.2159595489501953
Iran,8.453634029525704,9.19772693431537,10.095024014909313,11.079769164387441,12.144689956753233,14.436825716591377,15.79238371571505,17.857174224614962,21.372873872379383,24.113303567884603,27.96796584919971,31.45332203508893,35.53867190100772,37.01286373438781,39.414782815446515,35.54676639586791,35.67677464850323,40.261501697079346,47.6362446092663,51.30436806428122,56.12807813470617,52.56456999575921,57.013852512250075,59.98732245164007,67.32882372138081,75.80714561738907,83.35479020768585,91.54749502663249,81.66085366575041,92.39586209834161,97.22971520446913,104.28079100164382,108.83444196328992,114.21383607737619,122.52301158736195,128.58350723987587,136.3259975081739,148.51870369213867,151.1547859459736,166.2615252342583,177.52951702300845,194.23065823763557,208.19880518279297,215.85296862949116,223.49994147803704,224.64671168628047,234.58924772574238,235.2496820129307,245.96557694568222,261.8722321067585,262.82195473077667,270.673251157583,0.027059201151132584,0.040013812482357025,0.020387692376971245
Israel,3.947307974387325,4.13464468325834,4.316664840361478,4.525222879046222,4.717274092892242,4.90105463842836,5.098383499085,5.320083755670001,5.557651179985,5.679456889945,5.8493343717799995,6.173346528910001,6.449015221765,6.87217421132,7.51744378595,8.01273299122,8.157287481999926,8.483305269614926,8.541103084774964,8.661989632314928,8.403007868009926,8.836011396194777,9.783886103609627,10.486547546994629,10.86690540177489,11.278475586909888,11.702507804914779,12.768482208193925,13.544804927519035,14.816252536944146,16.519154217854073,17.410077838344108,17.14333723522407,18.278172681469073,18.98346588601878,19.797222362628847,19.74785688791502,20.003268558382814,20.555910842617383,20.91038944593356,21.610177731992938,21.660154811400623,22.839278555975113,23.310752056894515,22.321395970223286,23.789308431793696,24.30832356304883,25.160480356864063,25.203706916715547,24.497150514812944,25.97176587057534,26.426350135368466,0.014722954481840134,0.018554598093032837,0.001990489661693573
Kuwait,6.631814490654784,6.595529618764699,6.5718389268473825,6.56078379749969,6.562572996658002,6.705351672236663,6.708,7.473,7.485,7.211,6.5360000000000005,7.715,7.891,8.646,10.538000000000002,7.856000000000001,9.940000000000001,9.895999999999999,10.870999999999999,11.559,11.302000000000001,12.911999999999999,11.961,13.674999999999999,14.922,7.038999999999999,3.936,7.273000000000001,9.971999999999998,12.230999999999998,15.434000000000003,15.277999999999999,15.849433234421365,19.05269525222552,19.520633234421364,20.444870652818988,21.61838141013507,21.67966646884273,25.526169452872338,28.496187458406965,30.509159154304466,28.94681552906207,28.751902193840028,30.490984316256462,31.57815398987254,34.010230432450484,35.40175952179236,41.04994976377262,39.520939808248414,37.606041748517946,41.47639475988029,41.731094977614354,0.00339182885363698,0.031186161562800407,0.0031432758551090956
Qatar,0.12000000000000001,0.121,0.17200000000000001,0.554,0.8720000000000001,0.9975000000000002,0.9935,1.0987,1.5599999999999998,1.3562,2.0267,1.2926000000000002,1.8058999999999998,1.7291000000000003,4.3578,4.959899999999999,4.646699999999999,5.5985000000000005,5.860499999999999,6.635,6.739,7.371999999999997,7.341,6.775,7.236999999999999,7.385,8.341,12.893,13.709,13.814,13.895000000000001,14.181,15.009999999999998,15.313,14.498000000000001,11.471,11.483000000000002,12.492,13.783000000000001,16.634488498228404,20.29128054188368,21.877774948758073,26.413338710852443,23.613371095912093,24.77437942519842,33.333364881803185,25.661423656108603,29.259654497410263,43.4416488698796,42.52117094171757,50.22867822400968,49.19442640600232,-0.02326684445142746,0.09487421810626984,0.0037054300773888826
Saudi Arabia,20.146,20.429,20.737000000000002,21.074,21.448,22.49516912774099,22.4956225766221,24.118499519086484,25.740890837754744,27.339344286635853,21.71884177942246,25.106580912244198,29.73469655689559,33.23186044167315,40.28492322238527,36.47645666723615,43.57661906119919,47.97449367114817,51.790525072456525,62.35267520572734,63.67570768037526,68.65785558182067,72.88725388026255,76.25789692630478,74.94372545788761,81.37731893063257,85.18669646036496,86.23662920725496,88.15893338830945,101.46095546627564,98.85990573380474,102.12030520173201,104.0289593392005,109.52267841038591,111.43294996442916,116.90511870440376,124.23769472949084,129.27794112584917,136.97609278126933,148.69363785949503,158.36544643267453,164.50776089480738,171.42933627753226,186.8523272310578,196.54052542680938,216.0593910520842,222.22090566527805,235.6757851586887,237.44375878801793,252.07952794850763,260.7619873732072,266.49303830720584,0.019185801967978477,0.05113472789525986,0.020072828978300095
United Arab Emirates,0.07047180549498475,0.07551581988661142,0.4905340492804187,0.6312449774676552,0.6321104084896061,0.8726538595726123,1.3330000000000002,1.421,1.837,2.008,2.1229999999999998,2.677,4.4350000000000005,5.1290000000000004,6.002,9.51,11.142,12.036000000000001,11.545,14.466999999999999,17.982000000000003,21.791999999999998,24.33,26.782999999999998,30.249000000000002,30.611000000000004,37.379000000000005,36.069,37.53699999999999,41.296,43.157,44.60000000000001,46.614000000000004,47.758,48.17700000000001,47.953,53.486487,52.916281999999995,56.37092,60.303709,62.961428,66.17961399999999,73.09824700000001,84.020958,82.64310390677467,86.17449480422681,91.47283290721774,95.75535079482431,97.24142580472642,99.49475248736339,108.589240038425,113.77415668905326,0.04488527774810791,0.056017760187387466,0.008569714613258839
Other Middle East,8.919022443004735,9.4772846225477,9.877189891110154,10.414443521837264,11.245468549000126,11.381069767637326,12.89642422560572,13.520449560736752,14.300265458380691,15.183607202835182,16.633626886307407,19.21668973449807,20.468213425828427,22.45610998364403,27.180472334142863,27.20393072043244,27.807983788175818,31.492507790714413,32.546119213688996,35.847521258647014,38.4537584435548,40.494514054210576,41.41793496098472,45.28260009376131,47.55282517768967,50.70666588539001,50.366156954124484,54.65838028347665,58.64146953626587,62.408391230943565,65.59091735606866,65.86698645677686,68.5238362559263,71.30241742255112,72.93224163950046,78.22874232192167,83.05566683651298,84.17648299790716,84.59146934814127,86.23631057427683,93.3960673152038,94.79635793875723,94.84789932033203,103.4748066029139,108.96191097603149,116.21842922782533,116.64761139128166,118.6661097644451,123.60378469763313,121.94652931496408,124.70144696660589,126.78958856963692,0.013967134989798069,0.029329193755984306,0.0095500648021698
Total Middle East,48.288250743067536,50.030701678772715,52.26025172250875,54.83946434023827,57.62211600379321,61.78962478220733,65.31731401702787,70.80890706010821,77.85368134849983,82.89091194730065,82.85546888670956,93.6345392107412,106.32249710549674,115.07710837102499,135.29542215792466,129.5657867747565,140.94736497987816,155.74230842855684,168.79049198018677,190.82755416097052,202.68355212664616,212.6289510279852,224.73492745710698,239.24736701870083,253.100279758733,264.2046060203216,280.2661514270901,301.445986725558,303.22406151784475,338.422461332505,350.6856925121966,363.7371604984968,376.00400802806223,395.44079984400776,408.0673023117317,423.3834612816492,449.9550843722278,469.0643448431206,488.9583483708739,527.5362480705991,564.6630761990679,592.1991363604209,625.5788072413249,667.616167932526,690.3194111729468,734.231930516464,750.3021044304695,780.8170123489358,812.4208418309033,840.0174050626418,874.55146796348,895.0819062424641,0.020679010078310966,0.04471925273537636,0.06741949915885925
Algeria,2.1430000000000002,2.5650000000000004,2.422,2.599,2.895,3.157,3.4179999999999993,3.847,4.603,5.101000000000001,6.140000000000001,7.160999999999999,7.879000000000001,10.001000000000001,13.181,15.824000000000002,19.317999999999998,22.281000000000006,24.333000000000002,23.206000000000003,23.357000000000003,24.770999999999997,25.438999999999997,27.358,26.537000000000006,28.089000000000002,27.833000000000006,28.56900000000001,26.511999999999997,26.923000000000005,28.006,27.805,26.659,27.579,27.922000000000004,26.841,27.809,28.701000000000008,30.047000000000004,31.184,32.65834654079739,33.81313745304793,35.571159863167,37.66126384196951,39.9410860705073,38.868804688419246,41.25253179390868,45.142267749852614,47.78457269765127,51.64467386523057,55.11683306331176,55.103883716998716,-0.0029665420297533274,0.05372918024659157,0.004150543361902237
Egypt,7.7751,8.1864,6.977399999999999,7.5104,6.1209,7.649500000000001,7.841113,8.699242,8.215712,9.340643,10.376824,12.429199999999998,13.468471999999998,14.25744,15.628761,17.89548,20.367486000000003,22.747171,24.723429999999997,26.982199999999995,27.945595,28.84766,30.111985000000004,31.124750999999996,32.94704800000001,34.007107,34.577311,34.692356000000004,35.165086,35.838589,37.914259,39.916199999999996,41.56859900000001,43.564507,46.688637601439105,49.30940968321492,52.20881078825179,53.12763511223243,56.52987922772321,59.199883714531374,62.09466069127029,65.4292005869575,69.5543447548536,73.62567962635664,76.46446972059555,80.65442232293975,82.0732125372675,86.52474345127831,85.65597999841606,85.40043348739646,86.66415423629377,90.98107270584251,0.046943701803684235,0.03389997407793999,0.0068528903648257256
South Africa,30.263,30.438,31.671,33.419999999999995,34.396,35.934000000000005,38.6588118256366,39.883977557186014,42.72435045317221,44.13560466119982,47.01754812257229,49.06977600345275,50.29625248165732,49.779998273629694,51.44310746655159,55.147906311210875,64.20580614792335,69.08559224644092,70.0106357565334,76.48848182498043,78.12614250083737,79.5685208474688,80.81011545791817,88.94119727423747,84.92512686793471,86.38707874701527,85.70907312456046,86.69092868478728,87.30643125757264,91.05083252870958,95.11015747584734,97.17812459980095,99.44686285300682,97.79567320898299,101.05469675982928,101.09749795971999,101.52677066817559,98.69677157555698,107.09118256090696,116.77050960365763,110.56824945849344,113.24540300350817,115.40248153705068,124.41665824960577,124.27681328643102,125.26374437904447,123.57890192482175,121.90621259003537,123.59008417950274,125.23141220648844,120.11099733172999,122.27067111668698,0.015199282206594944,0.008312691934406757,0.009209690615534782
Other Africa,20.050758514120613,21.72646165534459,22.499915236360625,23.492033948274706,25.127298661722186,27.731272435583026,30.728327037543433,33.3265317362658,36.70995951454807,38.379371649664535,39.270202064911416,43.61526921576505,46.14880542856658,48.155652600686395,53.08297279877708,55.730303720393,57.22171781919798,58.29585937105194,58.303788491055094,56.79913933427898,60.665303945747105,62.013889501976145,64.61788965386333,68.41507879911218,71.91423296485377,73.82767383815545,73.42012404703149,75.73599168800234,78.38060925571418,80.18585929077895,82.94537841663025,85.70880322204133,87.91597924613342,90.9742476212276,91.80903198359727,96.31764614629026,102.73724389451522,106.29552113980918,107.23939345492322,116.98847044135428,122.05081345163035,122.27270048714243,127.40857070422459,133.79573967723775,132.74694051639295,144.10399129397774,141.08400452468754,149.32245983396479,158.34928967542896,165.64469897538,171.6576568689494,171.7805957745172,-0.0020180107094347477,0.03469476103782654,0.01293888408690691
Total Africa,60.23185851412062,62.91586165534459,63.57031523636064,67.0214339482747,68.53919866172217,74.47177243558303,80.64625186318003,85.75675129345179,92.25302196772026,96.95661931086435,102.80457418748371,112.27524521921781,117.7925299102239,122.19409087431609,133.33584126532867,144.59769003160392,161.11300996712134,172.4096226174929,177.3708542475885,183.4758211592594,190.09404144658447,195.20107034944493,200.9789901117815,215.83902707334968,216.3234078327884,222.31085958517073,221.53950817159193,225.6882763727896,227.36412651328686,233.99828081948849,243.97579489247764,250.6081278218423,255.59044109914024,259.91342783021054,267.4743663448656,273.5655537892252,284.2818253509426,286.8209278275986,300.9074552435534,324.1428637595433,327.37207014219143,334.76044153065607,347.9365568592958,369.49934139516967,373.4293095939268,388.89096268438124,387.9886507806855,402.8956836251311,415.37992655099913,427.92121853449555,433.549641500285,440.1362233140454,0.012418471276760101,0.028489165008068085,0.033152006566524506
Australia,34.303239479466804,37.7364658048101,40.0277882970539,42.44310057674999,44.17892359948309,48.16451535913855,50.54667075149688,52.84525875897741,56.470778941291094,60.021188488792355,60.94873545368424,63.104391469074656,66.25502518669846,67.72920756133801,70.40884820543519,70.90220789397637,71.48933242932326,71.20005381598817,71.5988691747882,75.07639048388613,75.53769316318485,78.13341691366111,80.29339607355286,83.97100927964098,87.88959765333774,89.30440955036391,89.05362498921573,90.143386005324,92.60703249369614,96.16692692143909,98.47716591266115,101.12272744957816,103.68741972162087,106.1206940463191,108.12365303858155,108.43886628810732,109.47412456404192,111.05359915006788,112.70469536224113,116.54800908437795,116.20126815975614,123.38227379267416,125.07010512588478,127.44742448088057,127.43909437936286,126.09280583633314,131.72574564929644,130.29517038786994,131.1553462312209,132.63805482054772,138.4757670090192,138.0491216442647,-0.005804833490401506,0.0176918376237154,0.010398156940937042
Bangladesh,n/a,n/a,n/a,n/a,n/a,n/a,0.6760000000000002,1.3460621354935058,1.6663510448477168,1.7199438395709818,1.9476079261438204,2.2362328796216677,2.2988332012037827,2.4754471803412224,2.7427884601982164,3.0951083599583655,3.2170739042268064,3.575712806610592,3.5523345960954322,3.849657121636713,4.286840026662575,4.6840434758833,5.1872400838008135,5.79675150297495,6.229026833615859,6.618594394957195,6.406440418848902,6.99102684693046,7.706923348157437,8.170704496188566,9.642571440006197,10.099716428462576,10.56594198146332,11.2690181601679,11.441647659149089,12.293577168328836,14.016344701609782,14.476305793695463,15.361651941662094,15.915354419628722,16.92849907951198,17.99700670291175,18.842203700078045,19.944534883530583,21.929462640650865,22.905322879294165,24.339244777498003,26.49631937038763,26.9794034496487,28.21815405499949,31.307167797446162,32.41160190627421,0.03244873136281967,0.06341438740491867,0.0024413117207586765
China,131.40283605617657,142.80800028661508,128.44358240183436,129.6667913442247,157.8675078819146,202.21867225566066,239.79164259100028,258.44647864717683,272.6885087417598,281.1217777300086,314.9121809974205,331.5714946976211,361.6787936371453,396.6178536830038,408.15913743192897,417.3988512014904,411.5825902324448,429.53352795471477,456.86113022355977,490.182817434795,529.9184129148753,555.3055732118083,598.7682798366294,643.1205677879049,674.6016259312122,683.2091384177387,718.0345399569077,755.575556040966,812.7129791145376,862.7313613073053,888.7961866747265,935.0848036221311,940.617659666442,941.6022755651916,974.2538473669698,1007.9079402781828,1064.6433699509762,1160.9513576056852,1353.4853164818135,1583.7871351146573,1800.4301830285847,1974.7344860636515,2147.8494621923046,2228.9896351483403,2328.137173050013,2491.0796360004906,2690.3300586032506,2797.4077095144894,2905.298841542213,2970.602865267557,3005.946831267218,3052.9833397543443,0.012872823514044285,0.05259305611252785,0.22995728254318237
China Hong Kong SAR,2.24384726,2.4298972000000005,2.8699220309999993,3.101932098,3.6409424580000005,3.914964378,4.124,4.692,4.861999999999999,4.976000000000001,4.675999999999999,5.526,5.975,6.205,6.3420000000000005,6.488,6.914,7.588999999999999,8.043,8.235000000000001,8.554,8.952,9.835999999999999,11.327,12.107999999999999,11.775,12.196,14.347,15.663000000000002,14.128,15.19934,15.38606,15.679670000000002,15.976200000000002,16.199108633801476,16.92554528995892,21.527543313270282,20.992561144549537,21.546534754028077,24.283456063172196,23.303099881024163,24.71414849202392,26.331979005125124,24.55919048736835,26.807990152278535,27.497397062554146,28.14646901596734,27.048790820069165,27.780423284968077,27.105986413712028,27.90384910460304,28.610645886046044,0.022528275847434998,0.018181124702095985,0.002155015477910638
India,52.729633802799995,54.3453380282,55.99604225349999,59.807211268,66.28721126800001,64.83855550089001,66.95622993,70.533332042,71.92753204199998,76.31603838,81.945317606,85.923546831,90.84702394399999,94.168421831,99.53812605600001,102.50390528200002,113.62548658924239,112.70243800515907,118.66147488611291,126.66164122299848,133.8420036991408,143.4212013833264,152.76841057153425,166.22536669795358,181.56788396702322,194.9877347725632,205.7299647279748,216.58921011914208,221.95387653636607,233.79247505554184,251.57158391554862,261.73418457051525,276.15790588302934,292.5812905623473,299.6022619513611,315.97732423264597,318.00862512055056,332.0359268202126,345.362758502071,365.8556480897515,393.6101935439231,413.95779383657003,450.23543816640284,475.7145247237039,513.2209753265685,537.0706950628789,568.6912219983989,611.6016685333725,621.4867989726864,663.585279500603,685.0938095122013,723.9022712312442,0.05375991761684418,0.05698389559984207,0.05452587828040123
Indonesia,7.112,7.048000000000001,6.944999999999999,7.391,8.345999999999998,8.938999999999998,8.569,9.068999999999999,10.193999999999999,10.944999999999999,13.462,14.171,19.095000000000002,21.154,24.149999999999995,25.808,27.947000000000003,28.371000000000002,30.227000000000004,33.087,35.2,38.288999999999994,40.543,42.784,47.326,51.9077565820963,56.10331089961194,61.74328184678191,65.23943572714936,69.91633213746458,74.49698326118441,79.30419464201034,86.13469100834413,84.6645858536508,92.26501042026659,100.11086904560271,106.14967203205427,111.3724071967849,119.96747551926538,119.12097507168392,122.07161146551525,123.92645572590231,132.8657387961492,131.29973607746814,136.01089434831133,149.3109072399981,162.8280962979024,170.54482281770407,174.24150750525004,162.9044508832388,164.8313146980982,175.0433085564806,0.05905269458889961,0.030486969277262688,0.013184638693928719
Japan,154.07373559306694,171.7166246838937,197.4661596397701,219.05756968321498,251.3004469072725,280.11169845951946,297.5165781676246,312.37958897587913,348.46641809521657,347.49880894420056,331.0239808756845,344.77060006788247,344.16843098836955,353.81737038421505,367.4638485301171,356.20084988188444,350.0436717739965,337.91743690048423,341.1710934914241,367.54560424899296,369.5671709023848,370.72869132959227,379.25403296148784,401.53854466579173,416.66636983979726,434.39521742940326,444.757946439098,450.1490205429517,456.2207024070088,474.6376499514857,491.6176874555748,501.0386799876359,508.9591375813629,499.33368632338806,506.8108592767523,512.142620551947,508.47727754191334,507.94485579919274,506.5304799329825,513.1425437313372,521.3372906391453,520.4239349737987,516.00904165938,509.32000440496205,467.24908689524614,496.0257033949772,470.405453010956,467.746751257306,464.0119014963108,452.29701843073826,445.7961732276724,445.2646596116896,-0.003921262454241514,-0.015531659126281738,0.03353829309344292
Malaysia,2.4349583000000004,2.8386431,2.8921212,2.9504774000000005,3.0868500000000005,3.4463201441860463,3.8343662509068,4.290664459969999,4.619534227411859,4.710604230309592,4.887315132902904,5.417168094624347,6.018648389243456,8.227423255813953,10.049074418604654,10.817792513563916,11.078137445777612,11.926171309709721,13.720001057340195,14.810329586257934,14.653686594159923,16.424809800040382,16.920578174609833,17.94418113451434,20.065878821315064,21.659375177558978,26.280074518471633,28.287402185012443,29.649832627453215,31.61298541257306,33.51095268710266,37.12991560737352,43.26576462525078,40.23485817274135,45.351093324970776,50.45001194506996,50.74946234205048,54.27870093163014,59.4441964740368,63.29622454710138,67.66673597560874,69.42226588818566,72.94450332542755,76.31272476232843,73.57950444584071,72.43626229434025,79.79334391259535,83.15621713816907,89.21008514673947,91.5470052797147,93.80092015047475,99.45955163124025,0.05742890387773514,0.03319711983203888,0.007491507567465305
New Zealand,6.935018780829976,7.366507806489569,7.426595917997917,7.585026202651942,7.721267004570755,8.64104815133276,9.026201475313389,9.671427750373352,10.100259899533874,10.10990778377902,10.212566200899463,10.580365754301942,10.87907341993678,10.676892162424934,10.767702426754289,10.825231530813546,10.845187706882607,11.2538685489855,11.687782237246317,12.333598310505511,12.550658564942466,13.9499155856537,13.793466044873998,14.559469857370718,14.889857628452395,15.67148753764825,15.747512672383781,15.823583655094506,16.094456838767762,16.90428095726669,17.53212809810537,17.61646097434703,17.706935688059712,17.719037126633847,17.952821590662644,18.688568653379285,18.61054293346479,19.285971420073828,18.755237454393388,19.328456368958918,18.741157728969515,19.015489796491558,18.99276087170849,19.155519479773567,19.123040109923068,19.709883287581885,19.55964016029982,19.693536436801633,19.883688601627895,20.855570748057126,20.989232155263643,21.431217034213702,0.018267922103405,0.011393163353204727,0.0016142454696819186
Pakistan,7.244999999999998,7.338,8.141000000000002,9.23,9.389,9.302,9.023000000000001,7.993,8.569,9.190000000000001,9.933,10.078,10.902000000000001,11.6,12.677000000000001,14.207000000000004,15.312000000000001,16.869999999999997,17.881,18.882,19.802,21.036,23.444000000000006,24.906,26.446000000000005,27.731,29.438,30.739,34.15,35.325,37.178000000000004,39.665,38.587,41.254,43.47299999999999,44.400999999999996,45.609,47.535999999999994,52.46983574801995,58.938735701027326,61.67847798360666,64.93297702927195,68.73325505437602,69.24054960003227,70.07125382780524,70.49384570501456,70.56211744198986,71.36468700928417,71.70844098037527,73.54562159566285,77.11805239731109,83.19602773410917,0.07586633414030075,0.022591646760702133,0.006266504060477018
Philippines,4.392327,4.7779940000000005,5.420662,6.0569312,6.503597200000001,7.551597200000001,8.7241306,8.506663999999999,10.033664000000002,9.506129600000001,10.2364596,10.6087916,11.471338875059963,11.99065982517989,12.477307036692764,12.261678556365116,12.187863026836222,11.85987925582658,12.569392495415665,11.577973057808746,11.167140935810288,11.328639791691174,12.33336890532651,13.592511673430776,14.693609658388008,15.261190061021846,14.79355340339412,17.170534027831824,17.72148048518802,18.829014842374338,21.01235766555228,22.58148827684027,24.34332259333682,24.699734562571408,25.08520558081296,24.9233747585472,24.66481786361793,24.53141414488862,25.434793798565412,26.392182004040897,26.359493033562096,25.647438716924455,26.74974985420363,27.643682073426596,28.00786397188151,28.849476197043323,29.501506926286293,30.475973801561803,32.47501416856684,34.378886166806105,37.67125308174635,42.0502293764774,0.11319201439619064,0.03635202720761299,0.0031673137564212084
Singapore,4.11286670424583,4.7020205199271325,5.660415331162829,7.041314600072981,6.9210471069486905,7.509840918029621,6.51597,8.169995,7.6803420000000004,7.565317,7.387276000000001,8.784368,8.815342000000001,9.053609,9.648673999999998,9.578978,11.033609000000002,10.725631000000002,11.361262,11.931999000000001,12.151345,14.118252380096846,14.814967380096848,17.15798838009685,19.584641380096844,23.363081380096844,23.811329389690908,25.675607389690903,28.06242738969091,32.07676938969091,33.393287389690904,33.67662138969091,35.37163738969091,35.7729373896909,35.40053738969091,37.86082937567091,43.16653310917244,42.450766978362445,40.16474350468163,45.01298870372222,47.37547317041226,52.3248351403523,56.123328690951936,59.762124433209564,64.28746002350225,68.9873981088719,71.69043591979029,71.99601193349415,74.07051934534627,76.19466122132631,80.98000445723586,84.06584306242141,0.03526982292532921,0.05507279187440872,0.006332020275294781
South Korea,6.399751912024255,7.756953794632754,8.906678825179887,10.202318821559489,12.306236638457708,14.285210345295742,15.448677648549577,16.01656147893379,19.822642394895237,20.586248133230754,22.60977770738109,25.310729375028288,29.09331081142236,32.50094592026066,37.442762818482144,38.54332619812644,40.359361542290806,40.37584993438023,43.74968724261211,47.75737878445037,52.612731411503816,58.85401060777478,65.09368593926774,72.77564300131236,79.20722939765574,89.65947014979405,101.10778072182195,113.54360991583017,124.45197139476397,134.35785630784005,147.10558444109824,161.99469765556174,177.5210940208986,163.72376409641046,178.36929100677764,189.41531415151638,193.86044201275774,202.94891680074483,209.7544237727571,213.94866026229496,220.9671807823797,222.8554832793143,231.85328936733507,236.42425604772006,237.34477453445183,255.03072743735504,268.85415902563574,271.7806745944621,272.152740428399,274.88234407354423,280.1896942690293,286.21217497809033,0.01870333030819893,0.024029430001974106,0.021558117121458054
Taiwan,6.186,6.627,7.175,8.285000000000002,8.588,9.2850577505,11.494212533999999,12.2988661065,14.382810778000001,13.74616924,15.129975174,18.29389146,20.06556291,23.67899153,25.067640729999997,26.44858885,24.609083090000006,24.844068777488786,27.856655445222852,29.41084299766482,34.35031859028203,37.32789564382354,40.0801838271865,44.07723787654308,46.877515168955014,49.73224957733664,52.56726867451817,55.4297399247719,58.837778443174855,62.14288115544017,65.86559518136116,68.69632772721971,73.22181754717514,77.45142508333805,85.66237617029502,87.31790146655754,89.76511489795016,93.52751440072188,97.590161340996,102.78695871043026,103.37947550466662,105.64530600276406,110.318412556844,104.17740835709338,102.42788259317177,108.64126097769844,108.67083092654254,108.4281756305074,109.94235101449608,112.1182367687789,111.14520112952448,112.11941928195508,0.006009084638208151,0.00726939644664526,0.00844507571309805
Thailand,2.593,3.072,3.5330000000000004,4.477999999999999,4.7330000000000005,5.650999999999999,6.259249999999999,7.6558019999999996,8.122147,8.473175000000001,9.059809000000001,9.574845,10.579742000000001,11.601994999999999,12.210328000000002,12.336168,12.411745000000002,12.658753,14.005744,15.484186000000001,16.236126000000002,17.30187776018481,19.893324560867793,22.282510506210055,25.590088305204986,30.284128084076404,33.50792785173928,37.00962004523032,42.130996335719814,47.25479819548011,51.75864010677336,58.44981976603509,61.61592740613021,57.094190001985226,61.01337930543582,62.34583488261393,65.66340152668043,72.26316988552699,78.21865710395636,83.83390032546714,86.73046795224205,87.18982635012121,92.08256092302867,93.29475652417757,95.90107191048875,102.4010560293209,106.3638884550205,113.73560778530008,115.69876609570454,119.0636748983786,121.79365711468462,123.79355605320342,0.013643281534314156,0.03453526273369789,0.009324396960437298
Vietnam,2.460207818753383,4.278152631172528,5.886288898141044,6.106560071141189,7.207665749622961,7.519586400291734,6.714610315787214,6.50817059623634,6.8881364251864134,5.1401919806144125,5.728623124493446,3.3516705085123295,3.5977507409777343,3.7240005106603116,4.00543116385289,4.54199484200478,4.564737404084076,4.87918478030211,5.111991561474615,5.149258528390662,5.113277904235189,5.610935473367786,6.322328101088639,6.3002389490635355,5.937017206947572,6.343391181950755,6.4425222262955755,7.041516133411768,8.053280852604418,8.977460379236993,10.418682684527305,11.953670920034384,13.863728373987408,15.054121790288265,15.610912675928846,17.682896397520015,19.989492841924225,21.928305541204672,23.668146288455436,29.040066462056927,30.78117486948453,28.050512585826112,30.635463250124428,38.152922561433655,39.28147727682488,44.28147678327373,50.345485887496004,52.54803761722893,54.82082905604427,59.77346791494213,63.6613277585553,64.79896017589056,0.0150890052318573,0.07537280768156052,0.004880797117948532
Other Asia Pacific,17.585933191533165,18.69200489301746,20.253375708580744,21.8135575411512,23.155198661335312,24.28997432457084,26.388984345237127,27.467617519500617,28.42415816749468,30.19142079730979,30.90541159190671,32.565585742784364,34.351369979927675,36.40554573951619,39.183241681938746,41.97391362360577,43.24075854756759,45.21811525865841,46.97973152952961,47.75122656507115,50.36595069272086,50.94256200505315,49.67116335943542,50.389743176445045,49.86961935013835,49.01992921194477,47.95636875757908,43.40758746514488,41.84288290565841,40.60625402894519,39.90334770153166,37.45813249478693,36.99906150094838,36.61649172493248,38.70802550153799,41.19210449637971,42.65905378639907,42.18700679861583,44.38337287671577,44.81703694129775,48.012289372413115,50.112079087650635,49.33647654547398,50.66749341333691,51.416984945877374,53.909763753536744,53.32567988057582,54.25865068622837,54.0888043636642,57.531164277026704,60.734310798670215,66.29338805781502,0.08854875713586807,0.023783601820468903,0.004993360955268145
Total Asia Pacific,442.2103558988969,483.53360274875837,507.04363250422074,545.2167908067665,621.2328944756057,705.6690411874154,771.6095246099159,817.890489471041,884.918283757637,901.8179211478159,935.0060363905164,981.8686814804511,1036.0922460839852,1101.6273635837542,1152.3339109600051,1163.9315947337893,1170.4616376926729,1181.5006913483085,1235.0381499408215,1319.7269033424584,1385.9093563999027,1446.408825361958,1529.0174258197587,1638.7487644892524,1729.5499611421403,1800.9231535085514,1883.9341656475513,1969.666682144115,2073.099056899937,2187.6307505382733,2287.480094615444,2392.9925015122217,2464.2987149877404,2461.1683104596564,2555.3230308929947,2648.0745789820276,2737.034818538433,2879.7647804119583,3124.842480856641,3426.0483316010063,3705.5740721708057,3924.332313464436,4174.973769084799,4292.1064874587855,4402.235990432198,4674.723618050563,4935.133377889502,5108.578805334239,5245.005461683262,5357.2424423156335,5447.438565928754,5579.68531597576,0.02147829718887806,0.0392826683819294,0.42027390003204346
Total World,3730.748145500407,3933.472310102504,4081.0249355461,4327.729430800404,4625.19959669493,4911.664252589691,5113.6146737662075,5385.486307664505,5691.923979030763,5717.138550258913,5741.51953324341,6051.674771736215,6262.8947679010425,6458.102520433022,6685.483126413232,6642.298971932411,6605.838942940695,6573.628023793606,6674.509049734707,6992.104842640542,7181.817475080704,7338.265587235912,7596.884208214444,7884.013766478335,8054.0478301091825,8141.84859341278,8202.946711981764,8262.905122983026,8311.393212193372,8421.728545166414,8590.525983095185,8841.660256369638,8936.8814759168,9002.171738326317,9164.438502848208,9390.451406334165,9503.6380403371,9716.560020540099,10077.285885016488,10566.57626635758,10938.957804187621,11266.703271090328,11626.593565820056,11783.823067922025,11601.497769775067,12169.982269990422,12455.292701415327,12633.83547921133,12866.009406841918,12988.845472999808,13104.998912797642,13276.306591558588,0.010303977876901627,0.018230505287647247,1
of which: OECD,2641.2839291979003,2774.166804409198,2883.0926198101492,3074.5238546109927,3283.3725714820816,3462.0763642941947,3551.7688641292375,3729.666471035733,3934.989500175357,3877.007638099278,3794.357123815495,3998.8638062491477,4081.999176229601,4149.84573210053,4263.468102624108,4156.79355732726,4058.7827655840633,3943.463935710842,3949.867147397155,4132.351689508065,4200.639305864752,4244.228485128938,4368.343054694725,4515.638377833228,4610.308626287621,4641.588626710592,4680.046103215967,4732.281599773638,4801.90572736005,4886.946775703488,5007.263459942728,5178.154257907751,5233.452135389377,5250.8337328387315,5325.266881667422,5436.2484266927495,5400.332268648212,5451.454952671783,5509.837357746597,5613.025410648861,5663.604841895611,5677.3701844470015,5713.182866493711,5662.162389807834,5391.599698115284,5593.804105848791,5536.319003355464,5481.843328484045,5540.398606725935,5497.5692340379,5505.528416818133,5529.111755099982,0.0015396297676488757,-0.0028267805464565754,0.41646459698677063
                 Non-OECD,1089.4642163025094,1159.305505693303,1197.932315735951,1253.2055761894103,1341.8270252128473,1449.5878882954964,1561.8458096369677,1655.8198366287702,1756.934478855406,1840.1309121596364,1947.1624094279166,2052.810965487067,2180.8955916714417,2308.2567883324905,2422.0150237891203,2485.50541460515,2547.0561773566333,2630.164088082765,2724.641902337553,2859.7531531324776,2981.1781692159493,3094.037102106971,3228.541153519721,3368.3753886451022,3443.7392038215567,3500.2599667021855,3522.900608765798,3530.6235232093836,3509.4874848333234,3534.7817694629257,3583.2625231524544,3663.505998461885,3703.429340527424,3751.338005487584,3839.1716211807875,3954.2029796414113,4103.305771688893,4265.105067868323,4567.448527269896,4953.550855708723,5275.352962292012,5589.333086643324,5913.410699326345,6121.660678114189,6209.898071659789,6576.178164141635,6918.973698059863,7151.992150727283,7325.610800115982,7491.276238961903,7599.470495979515,7747.194836458598,0.01665341481566429,0.03717772662639618,0.583535373210907
                 European Union #,998.3285453537646,1025.8637838686366,1054.1612156218766,1122.0183191587907,1207.4805743024128,1284.2108904829624,1313.6040314785907,1375.6823413379304,1453.0821797745962,1429.51043050316,1409.6529463834772,1491.0725539925802,1512.15376798569,1556.2237296782125,1614.5097990514646,1572.2808589025217,1526.224740125243,1492.1211943631247,1499.445696563344,1536.9266784822,1611.8163603449527,1637.0371145082036,1667.7101513574526,1680.2211536885686,1686.8108792970502,1671.980732040692,1671.0237835463815,1640.7858978456563,1631.7181015668493,1624.1127533553542,1660.7048944861788,1715.9320683495407,1707.7588741930876,1723.0422635187015,1715.8235170899725,1731.881328519528,1765.6494870892286,1753.7205566684788,1789.481951803619,1814.2981987678425,1819.3163337219507,1830.246491610305,1804.204837546995,1796.7462051943646,1691.3038542420268,1754.4764964288258,1695.870351492598,1681.1720460533936,1669.2514954149285,1605.019272840223,1626.6856338701557,1641.9963529473869,0.00665426068007946,-0.0111292265355587,0.12367869913578033
                 CIS,0,0,0,0,0,0,0,0,0,0,0,0,0,0,0,0,0,0,0,0,1267.5361432292195,1293.3154403086896,1330.1731282828994,1354.7296432698367,1346.2179268022585,1365.4260174019958,1324.3796848012128,1248.5761975841792,1137.3605940706675,1027.6936468599258,965.3786193984846,930.0665562293599,887.8911455755579,882.333175132317,891.2113215899391,899.2623048499578,916.9542735914532,916.2027311281216,935.5863629261257,947.5236214313902,946.8301352061889,983.5797303798073,994.641562685202,1002.0803721027481,926.8370995962797,969.5058578885978,1010.5580628013911,1014.5865965302477,991.8967586113492,993.1988786787844,967.4071860605856,965.6283221400098,-0.00456601195037365,0.002152291126549244,0.07273320108652115
